product_id,barcode,product_name,brand,category,price,stock_quantity,description,image_url,created_at,updated_at
1,576299029857,HP Thank Accessorie,HP,Accessories,389.34,100,,,7/29/2025 5:14,7/29/2025 5:14
2,714264757439,Adidas Design Footwea,Adidas,Footwear,1914.42,100,,,7/29/2025 5:14,7/29/2025 5:14
3,573186153338,Nike Individual Home Appliance,Nike,Home Appliances,1704.18,100,,,7/29/2025 5:14,7/29/2025 5:14
4,534082817119,Puma Rest Footwea,Puma,Footwear,881.44,100,,,7/29/2025 5:14,7/29/2025 5:14
5,704202381215,Puma Some Accessorie,Puma,Accessories,1005.64,100,,,7/29/2025 5:14,7/29/2025 5:14
6,541732330912,Sony Citizen Home Appliance,Sony,Home Appliances,295.06,100,,,7/29/2025 5:14,7/29/2025 5:14
7,166582146110,LG There Footwea,LG,Footwear,105.12,100,,,7/29/2025 5:14,7/29/2025 5:14
8,323326007967,Samsung What Accessorie,Samsung,Accessories,881.55,100,,,7/29/2025 5:14,7/29/2025 5:14
9,701802327806,Nike Arm Footwea,Nike,Footwear,1669.26,100,,,7/29/2025 5:14,7/29/2025 5:14
10,462265283871,Lenovo From Appare,Lenovo,Apparel,588.29,100,,,7/29/2025 5:14,7/29/2025 5:14
11,463551945409,LG Sometimes Accessorie,LG,Accessories,1315.98,100,,,7/29/2025 5:14,7/29/2025 5:14
12,419080736347,Nike Red Electronic,Nike,Electronics,303.75,100,,,7/29/2025 5:14,7/29/2025 5:14
13,871279662038,Adidas Safe Appare,Adidas,Apparel,773.67,100,,,7/29/2025 5:14,7/29/2025 5:14
14,334442339634,Puma Raise Appare,Puma,Apparel,1089.35,100,,,7/29/2025 5:14,7/29/2025 5:14
15,357632053116,Lenovo Skin Accessorie,Lenovo,Accessories,233.2,100,,,7/29/2025 5:14,7/29/2025 5:14
16,181106956547,Apple Others Home Appliance,Apple,Home Appliances,1054.23,100,,,7/29/2025 5:14,7/29/2025 5:14
17,734003736506,Adidas Citizen Accessorie,Adidas,Accessories,1808.07,100,,,7/29/2025 5:14,7/29/2025 5:14
18,167797406520,Adidas Point Appare,Adidas,Apparel,1622.99,100,,,7/29/2025 5:14,7/29/2025 5:14
19,988734206288,LG Attack Electronic,LG,Electronics,1990.08,100,,,7/29/2025 5:14,7/29/2025 5:14
20,69989232740,Samsung Material Home Appliance,Samsung,Home Appliances,633.73,100,,,7/29/2025 5:14,7/29/2025 5:14
21,245573187923,Puma Training Electronic,Puma,Electronics,897.51,100,,,7/29/2025 5:14,7/29/2025 5:14
22,449634923339,Dell Budget Appare,Dell,Apparel,468.38,100,,,7/29/2025 5:14,7/29/2025 5:14
23,780438345503,Nike Area Footwea,Nike,Footwear,306.75,100,,,7/29/2025 5:14,7/29/2025 5:14
24,556741243621,Samsung Push Appare,Samsung,Apparel,1975.59,100,,,7/29/2025 5:14,7/29/2025 5:14
25,139082249438,Puma Glass Footwea,Puma,Footwear,1141.95,100,,,7/29/2025 5:14,7/29/2025 5:14
26,174454378956,HP Defense Electronic,HP,Electronics,773.12,100,,,7/29/2025 5:14,7/29/2025 5:14
27,885046783621,Lenovo Conference Electronic,Lenovo,Electronics,1919.17,100,,,7/29/2025 5:14,7/29/2025 5:14
28,7093704931,Dell Accept Electronic,Dell,Electronics,576.56,100,,,7/29/2025 5:14,7/29/2025 5:14
29,554753012504,Puma Stand Footwea,Puma,Footwear,1980.48,100,,,7/29/2025 5:14,7/29/2025 5:14
30,947687508577,Dell Interview Appare,Dell,Apparel,975.41,100,,,7/29/2025 5:14,7/29/2025 5:14
31,863005218460,Apple Let Appare,Apple,Apparel,1819.41,100,,,7/29/2025 5:14,7/29/2025 5:14
32,915905003171,Dell Rule Electronic,Dell,Electronics,541.45,100,,,7/29/2025 5:14,7/29/2025 5:14
33,360631610556,Dell Little Home Appliance,Dell,Home Appliances,1198.27,100,,,7/29/2025 5:14,7/29/2025 5:14
34,257614106225,Puma Letter Electronic,Puma,Electronics,831.28,100,,,7/29/2025 5:14,7/29/2025 5:14
35,766551196547,Lenovo Hot Appare,Lenovo,Apparel,867.54,100,,,7/29/2025 5:14,7/29/2025 5:14
36,310852478979,Sony Number Footwea,Sony,Footwear,815.89,100,,,7/29/2025 5:14,7/29/2025 5:14
37,680960914354,Puma Painting Electronic,Puma,Electronics,599.26,100,,,7/29/2025 5:14,7/29/2025 5:14
38,521526583136,Adidas Key Electronic,Adidas,Electronics,1606.67,100,,,7/29/2025 5:14,7/29/2025 5:14
39,868305742537,LG Drop Footwea,LG,Footwear,220.98,100,,,7/29/2025 5:14,7/29/2025 5:14
40,427976626730,Samsung Whose Accessorie,Samsung,Accessories,965.13,100,,,7/29/2025 5:14,7/29/2025 5:14
41,65450067709,Adidas Really Footwea,Adidas,Footwear,1482.81,100,,,7/29/2025 5:14,7/29/2025 5:14
42,368728313286,HP Common Footwea,HP,Footwear,1324.79,100,,,7/29/2025 5:14,7/29/2025 5:14
43,460414534062,HP Upon Appare,HP,Apparel,925.33,100,,,7/29/2025 5:14,7/29/2025 5:14
44,659399103646,Samsung Onto Appare,Samsung,Apparel,1641.89,100,,,7/29/2025 5:14,7/29/2025 5:14
45,312346915189,Adidas Hard Accessorie,Adidas,Accessories,331.19,100,,,7/29/2025 5:14,7/29/2025 5:14
46,16821356007,Apple Probably Appare,Apple,Apparel,995.28,100,,,7/29/2025 5:14,7/29/2025 5:14
47,337752644708,Puma Address Home Appliance,Puma,Home Appliances,1868.97,100,,,7/29/2025 5:14,7/29/2025 5:14
48,876350894180,Lenovo Image Accessorie,Lenovo,Accessories,202.05,100,,,7/29/2025 5:14,7/29/2025 5:14
49,261908946248,Nike Particular Appare,Nike,Apparel,1973.16,100,,,7/29/2025 5:14,7/29/2025 5:14
50,212605419528,Adidas Today Footwea,Adidas,Footwear,143.08,100,,,7/29/2025 5:14,7/29/2025 5:14
51,712973112831,Samsung Behavior Appare,Samsung,Apparel,342.04,100,,,7/29/2025 5:14,7/29/2025 5:14
52,872564738351,Dell Our Home Appliance,Dell,Home Appliances,962.46,100,,,7/29/2025 5:14,7/29/2025 5:14
53,601240339678,Apple Hair Footwea,Apple,Footwear,1554.8,100,,,7/29/2025 5:14,7/29/2025 5:14
54,833295959318,LG Difficult Footwea,LG,Footwear,1609.95,100,,,7/29/2025 5:14,7/29/2025 5:14
55,722175886591,Nike Reveal Appare,Nike,Apparel,284.97,100,,,7/29/2025 5:14,7/29/2025 5:14
56,562502143073,Puma Center Footwea,Puma,Footwear,1977.84,100,,,7/29/2025 5:14,7/29/2025 5:14
57,632400864910,Samsung Close Accessorie,Samsung,Accessories,1372.64,100,,,7/29/2025 5:14,7/29/2025 5:14
58,605676532046,LG Series Accessorie,LG,Accessories,334.81,100,,,7/29/2025 5:14,7/29/2025 5:14
59,860219833566,Dell At Accessorie,Dell,Accessories,363.83,100,,,7/29/2025 5:14,7/29/2025 5:14
60,925712602248,LG Eat Accessorie,LG,Accessories,141.81,100,,,7/29/2025 5:14,7/29/2025 5:14
61,215697180015,Lenovo Morning Footwea,Lenovo,Footwear,410.67,100,,,7/29/2025 5:14,7/29/2025 5:14
62,919376006590,Lenovo Long Appare,Lenovo,Apparel,1998.53,100,,,7/29/2025 5:14,7/29/2025 5:14
63,811346620251,Adidas Certainly Footwea,Adidas,Footwear,1191.9,100,,,7/29/2025 5:14,7/29/2025 5:14
64,621856917724,HP Analysis Accessorie,HP,Accessories,20.3,100,,,7/29/2025 5:14,7/29/2025 5:14
65,575183090125,Lenovo Democratic Appare,Lenovo,Apparel,309.62,100,,,7/29/2025 5:14,7/29/2025 5:14
66,602363947040,Apple Authority Home Appliance,Apple,Home Appliances,989.5,100,,,7/29/2025 5:14,7/29/2025 5:14
67,434672387303,Lenovo Book Footwea,Lenovo,Footwear,1180.23,100,,,7/29/2025 5:14,7/29/2025 5:14
68,321898481885,Nike Produce Home Appliance,Nike,Home Appliances,977.75,100,,,7/29/2025 5:14,7/29/2025 5:14
69,994077075471,Nike Community Footwea,Nike,Footwear,1212.62,100,,,7/29/2025 5:14,7/29/2025 5:14
70,577103705131,LG Box Footwea,LG,Footwear,1620.91,100,,,7/29/2025 5:14,7/29/2025 5:14
71,290949770133,Puma Power Footwea,Puma,Footwear,50.47,100,,,7/29/2025 5:14,7/29/2025 5:14
72,240215413404,HP Good Appare,HP,Apparel,1485.43,100,,,7/29/2025 5:14,7/29/2025 5:14
73,529922887977,Lenovo Somebody Electronic,Lenovo,Electronics,1367.12,100,,,7/29/2025 5:14,7/29/2025 5:14
74,915322327292,Sony On Appare,Sony,Apparel,751.59,100,,,7/29/2025 5:14,7/29/2025 5:14
75,895487912108,LG Summer Electronic,LG,Electronics,1156.46,100,,,7/29/2025 5:14,7/29/2025 5:14
76,213500548702,Apple City Electronic,Apple,Electronics,1292.61,100,,,7/29/2025 5:14,7/29/2025 5:14
77,635713061408,HP Sport Electronic,HP,Electronics,1936.33,100,,,7/29/2025 5:14,7/29/2025 5:14
78,435345544061,Adidas Voice Appare,Adidas,Apparel,1669,100,,,7/29/2025 5:14,7/29/2025 5:14
79,388477590678,Apple Personal Electronic,Apple,Electronics,617.11,100,,,7/29/2025 5:14,7/29/2025 5:14
80,93189668206,HP Significant Home Appliance,HP,Home Appliances,714.5,100,,,7/29/2025 5:14,7/29/2025 5:14
81,676442466722,Puma Discuss Appare,Puma,Apparel,1779.66,100,,,7/29/2025 5:14,7/29/2025 5:14
82,763494155714,LG Human Home Appliance,LG,Home Appliances,522.93,100,,,7/29/2025 5:14,7/29/2025 5:14
83,822255299589,Dell Activity Home Appliance,Dell,Home Appliances,940.34,100,,,7/29/2025 5:14,7/29/2025 5:14
84,201257343591,Lenovo Structure Accessorie,Lenovo,Accessories,275.26,100,,,7/29/2025 5:14,7/29/2025 5:14
85,848398678020,Adidas Pull Electronic,Adidas,Electronics,905.23,100,,,7/29/2025 5:14,7/29/2025 5:14
86,240015997482,HP Difference Accessorie,HP,Accessories,1999.33,100,,,7/29/2025 5:14,7/29/2025 5:14
87,729370833733,HP Road Home Appliance,HP,Home Appliances,1716.71,100,,,7/29/2025 5:14,7/29/2025 5:14
88,501581601002,LG Indicate Appare,LG,Apparel,1671.42,100,,,7/29/2025 5:14,7/29/2025 5:14
89,227876209519,Sony Dark Home Appliance,Sony,Home Appliances,1648.64,100,,,7/29/2025 5:14,7/29/2025 5:14
90,412240429602,LG Appear Home Appliance,LG,Home Appliances,1777.68,100,,,7/29/2025 5:14,7/29/2025 5:14
91,837474035636,Dell Pass Footwea,Dell,Footwear,1527.48,100,,,7/29/2025 5:14,7/29/2025 5:14
92,408991221317,Nike Back Appare,Nike,Apparel,39.39,100,,,7/29/2025 5:14,7/29/2025 5:14
93,644660580686,Nike Step Accessorie,Nike,Accessories,698.48,100,,,7/29/2025 5:14,7/29/2025 5:14
94,395749817125,LG Next Appare,LG,Apparel,916.35,100,,,7/29/2025 5:14,7/29/2025 5:14
95,118336976485,Sony Service Home Appliance,Sony,Home Appliances,1524.21,100,,,7/29/2025 5:14,7/29/2025 5:14
96,97082044118,Adidas Treat Appare,Adidas,Apparel,531.55,100,,,7/29/2025 5:14,7/29/2025 5:14
97,295798790809,Puma Edge Appare,Puma,Apparel,1710.37,100,,,7/29/2025 5:14,7/29/2025 5:14
98,389693510837,Puma Understand Electronic,Puma,Electronics,725.74,100,,,7/29/2025 5:14,7/29/2025 5:14
99,932203084340,Nike Nice Appare,Nike,Apparel,817.59,100,,,7/29/2025 5:14,7/29/2025 5:14
100,297580831410,Puma Thought Footwea,Puma,Footwear,33.26,100,,,7/29/2025 5:14,7/29/2025 5:14
101,926231649983,Dell Choose Footwea,Dell,Footwear,279.29,100,,,7/29/2025 5:14,7/29/2025 5:14
102,597410693912,Nike Interest Appare,Nike,Apparel,1523.29,100,,,7/29/2025 5:14,7/29/2025 5:14
103,27900157334,HP Rest Accessorie,HP,Accessories,1133.69,100,,,7/29/2025 5:14,7/29/2025 5:14
104,762839625670,HP Be Electronic,HP,Electronics,521.26,100,,,7/29/2025 5:14,7/29/2025 5:14
105,284154559200,LG Issue Footwea,LG,Footwear,54.73,100,,,7/29/2025 5:14,7/29/2025 5:14
106,91431802084,Sony Song Electronic,Sony,Electronics,959.88,100,,,7/29/2025 5:14,7/29/2025 5:14
107,914934094072,Sony Have Footwea,Sony,Footwear,541.6,100,,,7/29/2025 5:14,7/29/2025 5:14
108,899389408608,Adidas Nature Appare,Adidas,Apparel,1073.08,100,,,7/29/2025 5:14,7/29/2025 5:14
109,563060269607,Apple Product Footwea,Apple,Footwear,198.38,100,,,7/29/2025 5:14,7/29/2025 5:14
110,1699701001,Nike Maintain Home Appliance,Nike,Home Appliances,1430.66,100,,,7/29/2025 5:14,7/29/2025 5:14
111,85666506907,Adidas Minute Accessorie,Adidas,Accessories,1051.28,100,,,7/29/2025 5:14,7/29/2025 5:14
112,310404930789,Samsung Animal Accessorie,Samsung,Accessories,1120.14,100,,,7/29/2025 5:14,7/29/2025 5:14
113,486138265608,Adidas Might Home Appliance,Adidas,Home Appliances,552.92,100,,,7/29/2025 5:14,7/29/2025 5:14
114,666154301858,Lenovo Test Electronic,Lenovo,Electronics,1449.14,100,,,7/29/2025 5:14,7/29/2025 5:14
115,925996957549,LG Doctor Accessorie,LG,Accessories,1974.21,100,,,7/29/2025 5:14,7/29/2025 5:14
116,390866319947,Adidas Stuff Footwea,Adidas,Footwear,660.4,100,,,7/29/2025 5:14,7/29/2025 5:14
117,622296241484,Lenovo Worry Footwea,Lenovo,Footwear,903.94,100,,,7/29/2025 5:14,7/29/2025 5:14
118,420143499501,Dell Field Appare,Dell,Apparel,27.74,100,,,7/29/2025 5:14,7/29/2025 5:14
119,310267172411,Lenovo Technology Home Appliance,Lenovo,Home Appliances,1712.86,100,,,7/29/2025 5:14,7/29/2025 5:14
120,964908922975,Samsung President Electronic,Samsung,Electronics,303,100,,,7/29/2025 5:14,7/29/2025 5:14
121,942174781469,Lenovo Still Electronic,Lenovo,Electronics,1278.51,100,,,7/29/2025 5:14,7/29/2025 5:14
122,330621396112,Puma Tend Electronic,Puma,Electronics,557.1,100,,,7/29/2025 5:14,7/29/2025 5:14
123,298313991924,LG Season Accessorie,LG,Accessories,594.46,100,,,7/29/2025 5:14,7/29/2025 5:14
124,77058499209,Sony Performance Footwea,Sony,Footwear,327.73,100,,,7/29/2025 5:14,7/29/2025 5:14
125,668247368053,Dell There Home Appliance,Dell,Home Appliances,122.01,100,,,7/29/2025 5:14,7/29/2025 5:14
126,534163266243,Samsung Quality Electronic,Samsung,Electronics,1194.18,100,,,7/29/2025 5:14,7/29/2025 5:14
127,349255115926,Apple Every Electronic,Apple,Electronics,1048.48,100,,,7/29/2025 5:14,7/29/2025 5:14
128,420713391903,LG Teach Footwea,LG,Footwear,234.04,100,,,7/29/2025 5:14,7/29/2025 5:14
129,955024988746,LG Whether Footwea,LG,Footwear,1651.41,100,,,7/29/2025 5:14,7/29/2025 5:14
130,905365626186,Sony Billion Home Appliance,Sony,Home Appliances,1072.19,100,,,7/29/2025 5:14,7/29/2025 5:14
131,171276343538,HP Black Electronic,HP,Electronics,1911.26,100,,,7/29/2025 5:14,7/29/2025 5:14
132,408945478427,Sony Air Electronic,Sony,Electronics,1479.22,100,,,7/29/2025 5:14,7/29/2025 5:14
133,325929932807,Lenovo Best Accessorie,Lenovo,Accessories,1303.07,100,,,7/29/2025 5:14,7/29/2025 5:14
134,987227609730,Samsung Goal Electronic,Samsung,Electronics,614.93,100,,,7/29/2025 5:14,7/29/2025 5:14
135,82270154231,Nike Issue Footwea,Nike,Footwear,1212.69,100,,,7/29/2025 5:14,7/29/2025 5:14
136,986038664803,Sony Region Electronic,Sony,Electronics,670.31,100,,,7/29/2025 5:14,7/29/2025 5:14
137,729653819907,HP Happy Footwea,HP,Footwear,669.35,100,,,7/29/2025 5:14,7/29/2025 5:14
138,29003574385,Dell Sea Electronic,Dell,Electronics,1990.49,100,,,7/29/2025 5:14,7/29/2025 5:14
139,240144628343,Sony Name Electronic,Sony,Electronics,198.61,100,,,7/29/2025 5:14,7/29/2025 5:14
140,254377286868,HP Live Electronic,HP,Electronics,1431.14,100,,,7/29/2025 5:14,7/29/2025 5:14
141,68740494640,Dell Blood Appare,Dell,Apparel,1042.4,100,,,7/29/2025 5:14,7/29/2025 5:14
142,780332003534,Lenovo Write Electronic,Lenovo,Electronics,1932.61,100,,,7/29/2025 5:14,7/29/2025 5:14
143,605298649929,Dell Agreement Appare,Dell,Apparel,982.6,100,,,7/29/2025 5:14,7/29/2025 5:14
144,977312025065,Puma Establish Home Appliance,Puma,Home Appliances,1173.63,100,,,7/29/2025 5:14,7/29/2025 5:14
145,181646296999,Apple Light Home Appliance,Apple,Home Appliances,1283.28,100,,,7/29/2025 5:14,7/29/2025 5:14
146,695546979047,LG Visit Home Appliance,LG,Home Appliances,230.97,100,,,7/29/2025 5:14,7/29/2025 5:14
147,905396016567,Puma Of Electronic,Puma,Electronics,1526.79,100,,,7/29/2025 5:14,7/29/2025 5:14
148,770556869433,Samsung Law Footwea,Samsung,Footwear,369.79,100,,,7/29/2025 5:14,7/29/2025 5:14
149,198808487915,Dell Dark Footwea,Dell,Footwear,312.13,100,,,7/29/2025 5:14,7/29/2025 5:14
150,339402343693,Puma Position Accessorie,Puma,Accessories,323.06,100,,,7/29/2025 5:14,7/29/2025 5:14
151,142217734902,HP Speech Electronic,HP,Electronics,853.66,100,,,7/29/2025 5:14,7/29/2025 5:14
152,919593507979,Nike College Home Appliance,Nike,Home Appliances,1175.83,100,,,7/29/2025 5:14,7/29/2025 5:14
153,241436753065,Apple Not Footwea,Apple,Footwear,1338.1,100,,,7/29/2025 5:14,7/29/2025 5:14
154,403524405296,Lenovo Morning Electronic,Lenovo,Electronics,331.77,100,,,7/29/2025 5:14,7/29/2025 5:14
155,526493074581,Adidas Behind Home Appliance,Adidas,Home Appliances,260.49,100,,,7/29/2025 5:14,7/29/2025 5:14
156,230020634801,Dell Safe Home Appliance,Dell,Home Appliances,1727.69,100,,,7/29/2025 5:14,7/29/2025 5:14
157,210180052844,Sony Put Footwea,Sony,Footwear,1026,100,,,7/29/2025 5:14,7/29/2025 5:14
158,188262337111,Dell Class Electronic,Dell,Electronics,144.13,100,,,7/29/2025 5:14,7/29/2025 5:14
159,725208465063,Dell Fall Footwea,Dell,Footwear,137.24,100,,,7/29/2025 5:14,7/29/2025 5:14
160,682771061421,Apple Power Home Appliance,Apple,Home Appliances,488.09,100,,,7/29/2025 5:14,7/29/2025 5:14
161,153430889594,Apple Event Accessorie,Apple,Accessories,375.68,100,,,7/29/2025 5:14,7/29/2025 5:14
162,155841202599,LG Through Home Appliance,LG,Home Appliances,545.21,100,,,7/29/2025 5:14,7/29/2025 5:14
163,404015607254,Lenovo Customer Accessorie,Lenovo,Accessories,1880.55,100,,,7/29/2025 5:14,7/29/2025 5:14
164,799074857050,Adidas Rest Home Appliance,Adidas,Home Appliances,1935.37,100,,,7/29/2025 5:14,7/29/2025 5:14
165,380730894444,Samsung Every Accessorie,Samsung,Accessories,1829.98,100,,,7/29/2025 5:14,7/29/2025 5:14
166,680300737947,Samsung Nearly Appare,Samsung,Apparel,1971.67,100,,,7/29/2025 5:14,7/29/2025 5:14
167,834468121425,Sony Amount Electronic,Sony,Electronics,1251.62,100,,,7/29/2025 5:14,7/29/2025 5:14
168,915331554071,Adidas Ball Appare,Adidas,Apparel,30.51,100,,,7/29/2025 5:14,7/29/2025 5:14
169,902915347216,Lenovo Reach Footwea,Lenovo,Footwear,1329.95,100,,,7/29/2025 5:14,7/29/2025 5:14
170,440982906222,Sony Staff Accessorie,Sony,Accessories,350.06,100,,,7/29/2025 5:14,7/29/2025 5:14
171,672802993242,Dell Apply Accessorie,Dell,Accessories,642.24,100,,,7/29/2025 5:14,7/29/2025 5:14
172,862852136413,Lenovo Play Home Appliance,Lenovo,Home Appliances,1521.1,100,,,7/29/2025 5:14,7/29/2025 5:14
173,215383363227,Sony Fire Electronic,Sony,Electronics,618.52,100,,,7/29/2025 5:14,7/29/2025 5:14
174,832042351950,Samsung Color Electronic,Samsung,Electronics,756.96,100,,,7/29/2025 5:14,7/29/2025 5:14
175,82404326096,HP Structure Accessorie,HP,Accessories,1548.22,100,,,7/29/2025 5:14,7/29/2025 5:14
176,624501871807,Nike Leave Home Appliance,Nike,Home Appliances,1089.25,100,,,7/29/2025 5:14,7/29/2025 5:14
177,457085883108,Samsung World Appare,Samsung,Apparel,1756.59,100,,,7/29/2025 5:14,7/29/2025 5:14
178,13993640026,Apple Police Footwea,Apple,Footwear,709.39,100,,,7/29/2025 5:14,7/29/2025 5:14
179,235955447088,Adidas Station Home Appliance,Adidas,Home Appliances,41.29,100,,,7/29/2025 5:14,7/29/2025 5:14
180,861497205205,Lenovo Democratic Appare,Lenovo,Apparel,538.1,100,,,7/29/2025 5:14,7/29/2025 5:14
181,180585917113,Lenovo Central Home Appliance,Lenovo,Home Appliances,1675,100,,,7/29/2025 5:14,7/29/2025 5:14
182,967550872737,Adidas Series Footwea,Adidas,Footwear,601.59,100,,,7/29/2025 5:14,7/29/2025 5:14
183,515780957837,Adidas Catch Accessorie,Adidas,Accessories,629.69,100,,,7/29/2025 5:14,7/29/2025 5:14
184,444958027741,Nike Build Appare,Nike,Apparel,1388.47,100,,,7/29/2025 5:14,7/29/2025 5:14
185,10903183344,Lenovo Down Electronic,Lenovo,Electronics,1113.06,100,,,7/29/2025 5:14,7/29/2025 5:14
186,993471336505,Apple Yeah Appare,Apple,Apparel,142.63,100,,,7/29/2025 5:14,7/29/2025 5:14
187,901746866897,Sony Letter Electronic,Sony,Electronics,703.26,100,,,7/29/2025 5:14,7/29/2025 5:14
188,442551477239,HP Break Electronic,HP,Electronics,638.39,100,,,7/29/2025 5:14,7/29/2025 5:14
189,193038459543,Lenovo Place Footwea,Lenovo,Footwear,257.29,100,,,7/29/2025 5:14,7/29/2025 5:14
190,292638609683,Nike Hour Appare,Nike,Apparel,902.88,100,,,7/29/2025 5:14,7/29/2025 5:14
191,346523462733,Lenovo Thus Appare,Lenovo,Apparel,1349.29,100,,,7/29/2025 5:14,7/29/2025 5:14
192,761389295688,Dell Staff Accessorie,Dell,Accessories,1747.03,100,,,7/29/2025 5:14,7/29/2025 5:14
193,961109950589,Sony Easy Home Appliance,Sony,Home Appliances,1795.86,100,,,7/29/2025 5:14,7/29/2025 5:14
194,836482620608,Apple Thus Appare,Apple,Apparel,96.82,100,,,7/29/2025 5:14,7/29/2025 5:14
195,805301504656,Samsung Black Home Appliance,Samsung,Home Appliances,1292.24,100,,,7/29/2025 5:14,7/29/2025 5:14
196,173429007170,LG Adult Appare,LG,Apparel,1261.78,100,,,7/29/2025 5:14,7/29/2025 5:14
197,811536471519,Nike Practice Accessorie,Nike,Accessories,984.43,100,,,7/29/2025 5:14,7/29/2025 5:14
198,494538273454,Adidas Professor Accessorie,Adidas,Accessories,1620.96,100,,,7/29/2025 5:14,7/29/2025 5:14
199,25841993239,Sony Write Electronic,Sony,Electronics,155.88,100,,,7/29/2025 5:14,7/29/2025 5:14
200,210986167750,Adidas Job Appare,Adidas,Apparel,961.69,100,,,7/29/2025 5:14,7/29/2025 5:14
